{"accuracy": [0.8675022125244141, 0.9334527254104614, 0.9501641392707825, 0.9522530436515808, 0.9731423258781433, 0.9785138964653015, 0.9874664545059204, 0.9913458824157715, 0.9925395250320435, 0.9961205720901489], "loss": [0.3389904201030731, 0.17243438959121704, 0.13105745613574982, 0.11268998682498932, 0.07582347095012665, 0.06401263177394867, 0.04446204751729965, 0.030692074447870255, 0.027094434946775436, 0.02138354815542698], "val_accuracy": [0.9235364198684692, 0.9056152701377869, 0.9235364198684692, 0.9271206855773926, 0.91756272315979, 0.9223417043685913, 0.9271206855773926, 0.91756272315979, 0.9271206855773926, 0.9259259104728699], "val_loss": [0.2159983366727829, 0.23661477863788605, 0.19569379091262817, 0.20492346584796906, 0.23114116489887238, 0.2259606570005417, 0.2271100878715515, 0.27705368399620056, 0.2585751712322235, 0.26849648356437683]}